<?xml version="1.0" encoding="UTF-8"?>
<project-private xmlns="http://www.netbeans.org/ns/project-private/1">
    <editor-bookmarks xmlns="http://www.netbeans.org/ns/editor-bookmarks/2" lastBookmarkId="0"/>
    <open-files xmlns="http://www.netbeans.org/ns/projectui-open-files/2">
        <group>
            <file>file:/C:/Users/sebas/Desktop/ECE/ING3/Java/Bousiquier_Brunelle/TP4/src/modele/Fonds.java</file>
            <file>file:/C:/Users/sebas/Desktop/ECE/ING3/Java/Bousiquier_Brunelle/TP4/src/modele/Instrument.java</file>
            <file>file:/C:/Users/sebas/Desktop/ECE/ING3/Java/Bousiquier_Brunelle/TP4/src/vue/Affichage.java</file>
            <file>file:/C:/Users/sebas/Desktop/ECE/ING3/Java/Bousiquier_Brunelle/TP4/src/modele/Portefeuille.java</file>
            <file>file:/C:/Users/sebas/Desktop/ECE/ING3/Java/Bousiquier_Brunelle/TP4/src/modele/FondsInexistant.java</file>
            <file>file:/C:/Users/sebas/Desktop/ECE/ING3/Java/Bousiquier_Brunelle/TP4/src/controleur/Programme.java</file>
            <file>file:/C:/Users/sebas/Desktop/ECE/ING3/Java/Bousiquier_Brunelle/TP4/src/controleur/Comp.java</file>
        </group>
    </open-files>
</project-private>
