<?xml version="1.0" encoding="UTF-8"?>
<project-private xmlns="http://www.netbeans.org/ns/project-private/1">
    <editor-bookmarks xmlns="http://www.netbeans.org/ns/editor-bookmarks/2" lastBookmarkId="0"/>
    <open-files xmlns="http://www.netbeans.org/ns/projectui-open-files/2">
        <group>
            <file>file:/C:/Users/Amine/Desktop/TP4/src/Controleur/FondsExistantException.java</file>
            <file>file:/C:/Users/Amine/Desktop/TP4/src/Vue/Statistiques.java</file>
            <file>file:/C:/Users/Amine/Desktop/TP4/src/Modele/Fonds.java</file>
            <file>file:/C:/Users/Amine/Desktop/TP4/src/Controleur/FondsInexistantException.java</file>
            <file>file:/C:/Users/Amine/Desktop/TP4/src/Modele/Instrument.java</file>
            <file>file:/C:/Users/Amine/Desktop/TP4/src/Controleur/TestPortefeuille.java</file>
            <file>file:/C:/Users/Amine/Desktop/TP4/src/Controleur/InstrumentInexistantException.java</file>
            <file>file:/C:/Users/Amine/Desktop/TP4/src/Vue/PortefeuilleConsole.java</file>
            <file>file:/C:/Users/Amine/Desktop/TP4/src/Modele/Portefeuille.java</file>
        </group>
    </open-files>
</project-private>
