<?xml version="1.0" encoding="UTF-8"?>
<project-private xmlns="http://www.netbeans.org/ns/project-private/1">
    <editor-bookmarks xmlns="http://www.netbeans.org/ns/editor-bookmarks/2" lastBookmarkId="0"/>
    <open-files xmlns="http://www.netbeans.org/ns/projectui-open-files/2">
        <group>
            <file>file:/C:/Users/julie/Desktop/Delgay_Melloul/src/delgay_melloul/Fonds.java</file>
            <file>file:/C:/Users/julie/Desktop/Delgay_Melloul/src/delgay_melloul/Delgay_Melloul.java</file>
            <file>file:/C:/Users/julie/Desktop/Delgay_Melloul/src/delgay_melloul/FondsInexistant.java</file>
            <file>file:/C:/Users/julie/Desktop/Delgay_Melloul/src/delgay_melloul/FondsExistant.java</file>
            <file>file:/C:/Users/julie/Desktop/Delgay_Melloul/src/delgay_melloul/InstrumentInexistant.java</file>
            <file>file:/C:/Users/julie/Desktop/Delgay_Melloul/src/delgay_melloul/Instrument.java</file>
            <file>file:/C:/Users/julie/Desktop/Delgay_Melloul/src/delgay_melloul/Portefeuille.java</file>
        </group>
    </open-files>
</project-private>
