<?xml version="1.0" encoding="UTF-8"?>
<project-private xmlns="http://www.netbeans.org/ns/project-private/1">
    <editor-bookmarks xmlns="http://www.netbeans.org/ns/editor-bookmarks/2" lastBookmarkId="0"/>
    <open-files xmlns="http://www.netbeans.org/ns/projectui-open-files/2">
        <group>
            <file>file:/C:/Users/sebas/Desktop/ECE/ING3/Java/Flimon_Brunelle/src/flimon_brunelle/Employe.java</file>
            <file>file:/C:/Users/sebas/Desktop/ECE/ING3/Java/Flimon_Brunelle/src/flimon_brunelle/Manutention.java</file>
            <file>file:/C:/Users/sebas/Desktop/ECE/ING3/Java/Flimon_Brunelle/src/flimon_brunelle/Production.java</file>
            <file>file:/C:/Users/sebas/Desktop/ECE/ING3/Java/Flimon_Brunelle/src/flimon_brunelle/Vente.java</file>
            <file>file:/C:/Users/sebas/Desktop/ECE/ING3/Java/Flimon_Brunelle/src/flimon_brunelle/Personnel.java</file>
        </group>
    </open-files>
</project-private>
