<?xml version="1.0" encoding="UTF-8"?>
<project-private xmlns="http://www.netbeans.org/ns/project-private/1">
    <editor-bookmarks xmlns="http://www.netbeans.org/ns/editor-bookmarks/2" lastBookmarkId="0"/>
    <open-files xmlns="http://www.netbeans.org/ns/projectui-open-files/2">
        <group>
            <file>file:/C:/Users/xavier.barras/Desktop/Cours/Informatique/ING%203/Java/TP4_PorteFeuille/src/Modele/PorteFeuille.java</file>
            <file>file:/C:/Users/xavier.barras/Desktop/Cours/Informatique/ING%203/Java/TP4_PorteFeuille/src/Controleur/InstrumentInexistants.java</file>
            <file>file:/C:/Users/xavier.barras/Desktop/Cours/Informatique/ING%203/Java/TP4_PorteFeuille/src/Vue/Affichage.java</file>
            <file>file:/C:/Users/xavier.barras/Desktop/Cours/Informatique/ING%203/Java/TP4_PorteFeuille/src/tp4_portefeuille/TP4_PorteFeuille.java</file>
            <file>file:/C:/Users/xavier.barras/Desktop/Cours/Informatique/ING%203/Java/TP4_PorteFeuille/src/Controleur/FondsExistants.java</file>
            <file>file:/C:/Users/xavier.barras/Desktop/Cours/Informatique/ING%203/Java/TP4_PorteFeuille/src/Modele/Instrument.java</file>
            <file>file:/C:/Users/xavier.barras/Desktop/Cours/Informatique/ING%203/Java/TP4_PorteFeuille/src/Modele/Fonds.java</file>
            <file>file:/C:/Users/xavier.barras/Desktop/Cours/Informatique/ING%203/Java/TP4_PorteFeuille/src/Modele/Com.java</file>
            <file>file:/C:/Users/xavier.barras/Desktop/Cours/Informatique/ING%203/Java/TP4_PorteFeuille/src/Controleur/FondsInexistants.java</file>
        </group>
    </open-files>
</project-private>
