<?xml version="1.0" encoding="UTF-8"?>
<project-private xmlns="http://www.netbeans.org/ns/project-private/1">
    <editor-bookmarks xmlns="http://www.netbeans.org/ns/editor-bookmarks/2" lastBookmarkId="0"/>
    <open-files xmlns="http://www.netbeans.org/ns/projectui-open-files/2">
        <group>
            <file>file:/C:/Users/xavier.barras/Desktop/Cours/Informatique/ING%203/Java/Dreyfus_Barras/src/dreyfus_barras/ExceptionEmploye.java</file>
            <file>file:/C:/Users/xavier.barras/Desktop/Cours/Informatique/ING%203/Java/Dreyfus_Barras/src/dreyfus_barras/Dreyfus_Barras.java</file>
            <file>file:/C:/Users/xavier.barras/Desktop/Cours/Informatique/ING%203/Java/Dreyfus_Barras/src/dreyfus_barras/Vente.java</file>
            <file>file:/C:/Users/xavier.barras/Desktop/Cours/Informatique/ING%203/Java/Dreyfus_Barras/src/dreyfus_barras/Manutention.java</file>
            <file>file:/C:/Users/xavier.barras/Desktop/Cours/Informatique/ING%203/Java/Dreyfus_Barras/src/dreyfus_barras/Personnel.java</file>
            <file>file:/C:/Users/xavier.barras/Desktop/Cours/Informatique/ING%203/Java/Dreyfus_Barras/src/dreyfus_barras/Employe.java</file>
            <file>file:/C:/Users/xavier.barras/Desktop/Cours/Informatique/ING%203/Java/Dreyfus_Barras/src/dreyfus_barras/Production.java</file>
        </group>
    </open-files>
</project-private>
