<?xml version="1.0" encoding="UTF-8"?>
<project-private xmlns="http://www.netbeans.org/ns/project-private/1">
    <editor-bookmarks xmlns="http://www.netbeans.org/ns/editor-bookmarks/2" lastBookmarkId="0"/>
    <open-files xmlns="http://www.netbeans.org/ns/projectui-open-files/2">
        <group>
            <file>file:/C:/Users/Paul/Documents/_Mes%20Documents/_ING3/_Java/TP4/src/controleur/Main.java</file>
            <file>file:/C:/Users/Paul/Documents/_Mes%20Documents/_ING3/_Java/TP4/src/modele/Fonds.java</file>
            <file>file:/C:/Users/Paul/Documents/_Mes%20Documents/_ING3/_Java/TP4/src/controleur/InstrumentInexistant.java</file>
            <file>file:/C:/Users/Paul/Documents/_Mes%20Documents/_ING3/_Java/TP4/src/modele/Portefeuille.java</file>
            <file>file:/C:/Users/Paul/Documents/_Mes%20Documents/_ING3/_Java/TP4/src/controleur/FondsExistant.java</file>
            <file>file:/C:/Users/Paul/Documents/_Mes%20Documents/_ING3/_Java/TP4/src/modele/ComparableFonds.java</file>
            <file>file:/C:/Users/Paul/Documents/_Mes%20Documents/_ING3/_Java/TP4/src/modele/Amount.java</file>
            <file>file:/C:/Users/Paul/Documents/_Mes%20Documents/_ING3/_Java/TP4/src/controleur/FondsInexistant.java</file>
            <file>file:/C:/Users/Paul/Documents/_Mes%20Documents/_ING3/_Java/TP4/src/modele/Instrument.java</file>
            <file>file:/C:/Users/Paul/Documents/_Mes%20Documents/_ING3/_Java/TP4/src/vue/Console.java</file>
        </group>
    </open-files>
</project-private>
