<?xml version="1.0" encoding="UTF-8"?>
<project-private xmlns="http://www.netbeans.org/ns/project-private/1">
    <editor-bookmarks xmlns="http://www.netbeans.org/ns/editor-bookmarks/2" lastBookmarkId="0"/>
    <open-files xmlns="http://www.netbeans.org/ns/projectui-open-files/2">
        <group>
            <file>file:/C:/Users/Jean%20Leroy/Documents/ING3/Java2/TP4/src/Modele/ExceptionInstrumentInexistant.java</file>
            <file>file:/C:/Users/Jean%20Leroy/Documents/ING3/Java2/TP4/src/Modele/Fonds.java</file>
            <file>file:/C:/Users/Jean%20Leroy/Documents/ING3/Java2/TP4/src/Modele/ExceptionFondExistant.java</file>
            <file>file:/C:/Users/Jean%20Leroy/Documents/ING3/Java2/TP4/src/Vue/Display.java</file>
            <file>file:/C:/Users/Jean%20Leroy/Documents/ING3/Java2/TP4/src/tp4/TP4.java</file>
            <file>file:/C:/Users/Jean%20Leroy/Documents/ING3/Java2/TP4/src/Modele/ExceptionFondInexistant.java</file>
            <file>file:/C:/Users/Jean%20Leroy/Documents/ING3/Java2/TP4/src/Modele/Portefeuille.java</file>
            <file>file:/C:/Users/Jean%20Leroy/Documents/ING3/Java2/TP4/src/Modele/Instruments.java</file>
        </group>
    </open-files>
</project-private>
