<?xml version="1.0" encoding="UTF-8"?>
<project-private xmlns="http://www.netbeans.org/ns/project-private/1">
    <editor-bookmarks xmlns="http://www.netbeans.org/ns/editor-bookmarks/2" lastBookmarkId="0"/>
    <open-files xmlns="http://www.netbeans.org/ns/projectui-open-files/2">
        <group>
            <file>file:/D:/CODE/JAVA/S5/tp_note/src/Employe/Manutention.java</file>
            <file>file:/D:/CODE/JAVA/S5/tp_note/src/Employe/Vente.java</file>
            <file>file:/D:/CODE/JAVA/S5/tp_note/src/Employe/Main.java</file>
            <file>file:/D:/CODE/JAVA/S5/tp_note/src/Employe/Personnel.java</file>
            <file>file:/D:/CODE/JAVA/S5/tp_note/src/Employe/ExceptionEmploye.java</file>
            <file>file:/D:/CODE/JAVA/S5/tp_note/src/Employe/Employe.java</file>
            <file>file:/D:/CODE/JAVA/S5/tp_note/src/Employe/Production.java</file>
        </group>
    </open-files>
</project-private>
