<?xml version="1.0" encoding="UTF-8"?>
<project-private xmlns="http://www.netbeans.org/ns/project-private/1">
    <editor-bookmarks xmlns="http://www.netbeans.org/ns/editor-bookmarks/2" lastBookmarkId="0"/>
    <open-files xmlns="http://www.netbeans.org/ns/projectui-open-files/2">
        <group>
            <file>file:/C:/Users/alexa/Documents/NetBeansProjects/JavaApplication7/src/javaapplication7/Production.java</file>
            <file>file:/C:/Users/alexa/Documents/NetBeansProjects/JavaApplication7/src/javaapplication7/Employe.java</file>
            <file>file:/C:/Users/alexa/Documents/NetBeansProjects/JavaApplication7/src/javaapplication7/Manutention.java</file>
            <file>file:/C:/Users/alexa/Documents/NetBeansProjects/JavaApplication7/src/javaapplication7/JavaApplication7.java</file>
            <file>file:/C:/Users/alexa/Documents/NetBeansProjects/JavaApplication7/src/javaapplication7/Vente.java</file>
            <file>file:/C:/Users/alexa/Documents/NetBeansProjects/JavaApplication7/src/javaapplication7/ExceptionEmploye.java</file>
            <file>file:/C:/Users/alexa/Documents/NetBeansProjects/JavaApplication7/src/javaapplication7/Personnel.java</file>
        </group>
    </open-files>
</project-private>
