<?xml version="1.0" encoding="UTF-8"?>
<project-private xmlns="http://www.netbeans.org/ns/project-private/1">
    <editor-bookmarks xmlns="http://www.netbeans.org/ns/editor-bookmarks/2" lastBookmarkId="0"/>
    <open-files xmlns="http://www.netbeans.org/ns/projectui-open-files/2">
        <group>
            <file>file:/C:/Users/hugod/Desktop/DUCHEMANN_SAFI/src/duchemann_safi/Employé.java</file>
            <file>file:/C:/Users/hugod/Desktop/DUCHEMANN_SAFI/src/duchemann_safi/Personnel.java</file>
            <file>file:/C:/Users/hugod/Desktop/DUCHEMANN_SAFI/src/duchemann_safi/Production.java</file>
            <file>file:/C:/Users/hugod/Desktop/DUCHEMANN_SAFI/src/duchemann_safi/Vente.java</file>
            <file>file:/C:/Users/hugod/Desktop/DUCHEMANN_SAFI/src/duchemann_safi/ExceptionEmployé.java</file>
            <file>file:/C:/Users/hugod/Desktop/DUCHEMANN_SAFI/src/duchemann_safi/Manutention.java</file>
        </group>
    </open-files>
</project-private>
