<?xml version="1.0" encoding="UTF-8"?>
<project-private xmlns="http://www.netbeans.org/ns/project-private/1">
    <editor-bookmarks xmlns="http://www.netbeans.org/ns/editor-bookmarks/2" lastBookmarkId="0"/>
    <open-files xmlns="http://www.netbeans.org/ns/projectui-open-files/2">
        <group>
            <file>file:/C:/Users/alexa/Desktop/TP4/src/p1/Portefeuille.java</file>
            <file>file:/C:/Users/alexa/Desktop/TP4/src/p1/InstumentINexistant.java</file>
            <file>file:/C:/Users/alexa/Desktop/TP4/src/p1/FondNexistant.java</file>
            <file>file:/C:/Users/alexa/Desktop/TP4/src/p1/Fond.java</file>
            <file>file:/C:/Users/alexa/Desktop/TP4/src/p1/Instrument.java</file>
            <file>file:/C:/Users/alexa/Desktop/TP4/src/p1/test.java</file>
            <file>file:/C:/Users/alexa/Desktop/TP4/src/p1/FondExistant.java</file>
        </group>
    </open-files>
</project-private>
