<?xml version="1.0" encoding="UTF-8"?>
<project-private xmlns="http://www.netbeans.org/ns/project-private/1">
    <editor-bookmarks xmlns="http://www.netbeans.org/ns/editor-bookmarks/2" lastBookmarkId="0"/>
    <open-files xmlns="http://www.netbeans.org/ns/projectui-open-files/2">
        <group>
            <file>file:/D:/vuong/Documents/ECE/ing3/Java/TP/TP4/src/tp4/TP4.java</file>
            <file>file:/D:/vuong/Documents/ECE/ing3/Java/TP/TP4/src/tp4/Vue.java</file>
            <file>file:/D:/vuong/Documents/ECE/ing3/Java/TP/TP4/src/tp4/Portefeuille.java</file>
        </group>
    </open-files>
</project-private>
