<?xml version="1.0" encoding="UTF-8"?>
<project-private xmlns="http://www.netbeans.org/ns/project-private/1">
    <editor-bookmarks xmlns="http://www.netbeans.org/ns/editor-bookmarks/2" lastBookmarkId="0"/>
    <open-files xmlns="http://www.netbeans.org/ns/projectui-open-files/2">
        <group>
            <file>file:/C:/Users/margo/Documents/NetBeansProjects/TP_4/src/modele/Instrument.java</file>
            <file>file:/C:/Users/margo/Documents/NetBeansProjects/TP_4/src/tp_4/Test.java</file>
            <file>file:/C:/Users/margo/Documents/NetBeansProjects/TP_4/src/modele/Portefeuille.java</file>
            <file>file:/C:/Users/margo/Documents/NetBeansProjects/TP_4/src/vue/Vue.java</file>
            <file>file:/C:/Users/margo/Documents/NetBeansProjects/TP_4/src/modele/Fonds.java</file>
        </group>
    </open-files>
</project-private>
